INSERT INTO "STATUS" (ID, VERSION, NAME) VALUES
(1, 1, 'Imported lead'),
(2, 1, 'Not contacted'),
(3, 1, 'Contacted'),
(4, 1, 'Customer'),
(5, 1, 'Closed (lost)');
INSERT INTO "COMPANY" (ID, VERSION, NAME) VALUES
(6, 1, 'Phillips Van Heusen Corp.'),
(7, 1, 'Avaya Inc.'),
(8, 1, 'Laboratory Corporation of America Holdings'),
(9, 1, 'AutoZone, Inc.'),
(10, 1, 'Linens ''n Things Inc.');
INSERT INTO "CONTACT" (ID, VERSION, EMAIL, FIRST_NAME, LAST_NAME, COMPANY_ID, STATUS_ID) VALUES
(11, 1, 'eula.lane@jigrormo.ye', 'Eula', 'Lane', 8, 1),
(12, 1, 'barry.rodriquez@zun.mm', 'Barry', 'Rodriquez', 7, 5),
(13, 1, 'eugenia.selvi@capfad.vn', 'Eugenia', 'Selvi', 6, 3),
(14, 1, 'alejandro.miles@dec.bn', 'Alejandro', 'Miles', 10, 3),
(15, 1, 'cora.tesi@bivo.yt', 'Cora', 'Tesi', 6, 4),
(16, 1, 'marguerite.ishii@judbilo.gn', 'Marguerite', 'Ishii', 10, 2),
(17, 1, 'mildred.jacobs@joraf.wf', 'Mildred', 'Jacobs', 8, 1),
(18, 1, 'gene.goodman@kem.tl', 'Gene', 'Goodman', 8, 5),
(19, 1, 'lettie.bennett@odeter.bb', 'Lettie', 'Bennett', 6, 1),
(20, 1, 'mabel.leach@lisohuje.vi', 'Mabel', 'Leach', 10, 2),
(21, 1, 'jordan.miccinesi@duod.gy', 'Jordan', 'Miccinesi', 8, 3),
(22, 1, 'marie.parkes@nowufpus.ph', 'Marie', 'Parkes', 7, 1),
(23, 1, 'rose.gray@kagu.hr', 'Rose', 'Gray', 9, 4),
(24, 1, 'garrett.stokes@fef.bg', 'Garrett', 'Stokes', 9, 3),
(25, 1, 'barbara.matthieu@derwogi.jm', 'Barbara', 'Matthieu', 7, 5),
(26, 1, 'jean.rhodes@wehovuce.gu', 'Jean', 'Rhodes', 7, 3),
(27, 1, 'jack.romoli@zamum.bw', 'Jack', 'Romoli', 6, 4),
(28, 1, 'pearl.holden@dunebuh.cr', 'Pearl', 'Holden', 8, 1),
(29, 1, 'belle.montero@repiwid.si', 'Belle', 'Montero', 9, 5),
(30, 1, 'olive.molina@razuppa.ga', 'Olive', 'Molina', 6, 2),
(31, 1, 'minerva.todd@kulmenim.ad', 'Minerva', 'Todd', 9, 3),
(32, 1, 'bobby.pearson@ib.kg', 'Bobby', 'Pearson', 9, 1),
(33, 1, 'larry.ciappi@ba.lk', 'Larry', 'Ciappi', 10, 2),
(34, 1, 'ronnie.salucci@tohhij.lv', 'Ronnie', 'Salucci', 9, 1),
(35, 1, 'walter.grossi@tuvo.sa', 'Walter', 'Grossi', 9, 1);
INSERT INTO "CONTACT"  (ID, VERSION, EMAIL, FIRST_NAME, LAST_NAME, COMPANY_ID, STATUS_ID) VALUES
(36, 1, 'frances.koopmans@foga.tw', 'Frances', 'Koopmans', 7, 5),
(37, 1, 'frances.fujimoto@uswuzzub.jp', 'Frances', 'Fujimoto', 6, 5),
(38, 1, 'olivia.vidal@hivwerip.vc', 'Olivia', 'Vidal', 9, 2),
(39, 1, 'edna.henry@gugusu.rw', 'Edna', 'Henry', 8, 4),
(40, 1, 'lydia.brun@zedekak.md', 'Lydia', 'Brun', 7, 3),
(41, 1, 'jay.blake@ral.mk', 'Jay', 'Blake', 10, 4),
(42, 1, 'isabel.serafini@turuhu.bh', 'Isabel', 'Serafini', 10, 1),
(43, 1, 'rebecca.carter@omjo.et', 'Rebecca', 'Carter', 8, 4),
(44, 1, 'maurice.fabbrini@rig.bh', 'Maurice', 'Fabbrini', 9, 3),
(45, 1, 'ollie.turnbull@sicewap.org', 'Ollie', 'Turnbull', 6, 1),
(46, 1, 'jerry.hopkins@fo.mh', 'Jerry', 'Hopkins', 9, 5),
(47, 1, 'nora.lyons@gegijap.na', 'Nora', 'Lyons', 10, 1),
(48, 1, 'anne.weis@kuvesa.pe', 'Anne', 'Weis', 7, 4),
(49, 1, 'louise.gauthier@lapahu.mt', 'Louise', 'Gauthier', 6, 2),
(50, 1, 'lloyd.fani@zev.ru', 'Lloyd', 'Fani', 8, 1),
(51, 1, 'maud.dunn@nabeaga.ni', 'Maud', 'Dunn', 6, 1),
(52, 1, 'henry.gigli@kaot.ps', 'Henry', 'Gigli', 6, 5),
(53, 1, 'virgie.werner@tawuctuj.cf', 'Virgie', 'Werner', 10, 4),
(54, 1, 'gregory.cozzi@eh.ru', 'Gregory', 'Cozzi', 8, 2),
(55, 1, 'lucinda.gil@fajjusuz.kr', 'Lucinda', 'Gil', 7, 5),
(56, 1, 'gertrude.verbeek@pave.cc', 'Gertrude', 'Verbeek', 6, 5),
(57, 1, 'mattie.graham@ispaviw.gt', 'Mattie', 'Graham', 7, 2),
(58, 1, 'bryan.shaw@ha.ee', 'Bryan', 'Shaw', 9, 1),
(59, 1, 'essie.adams@iliat.cw', 'Essie', 'Adams', 8, 5),
(60, 1, 'gary.osborne@do.ga', 'Gary', 'Osborne', 7, 5),
(61, 1, 'john.doe@example.com', 'John', 'Doe', 6, 1),
(62, 1, 'jane.smith@example.com', 'Jane', 'Smith', 7, 2),
(63, 1, 'alice.johnson@example.com', 'Alice', 'Johnson', 8, 3),
(64, 1, 'bob.brown@example.com', 'Bob', 'Brown', 9, 4),
(65, 1, 'charlie.davis@example.com', 'Charlie', 'Davis', 10, 5),
(66, 1, 'david.wilson@example.com', 'David', 'Wilson', 6, 1),
(67, 1, 'emily.moore@example.com', 'Emily', 'Moore', 7, 2),
(68, 1, 'frank.taylor@example.com', 'Frank', 'Taylor', 8, 3),
(69, 1, 'grace.anderson@example.com', 'Grace', 'Anderson', 9, 4),
(70, 1, 'henry.thomas@example.com', 'Henry', 'Thomas', 10, 5),
(71, 1, 'irene.jackson@example.com', 'Irene', 'Jackson', 6, 1),
(72, 1, 'jack.white@example.com', 'Jack', 'White', 7, 2),
(73, 1, 'karen.harris@example.com', 'Karen', 'Harris', 8, 3),
(74, 1, 'larry.martin@example.com', 'Larry', 'Martin', 9, 4),
(75, 1, 'mary.lee@example.com', 'Mary', 'Lee', 10, 5),
(76, 1, 'nancy.walker@example.com', 'Nancy', 'Walker', 6, 1),
(77, 1, 'oscar.hall@example.com', 'Oscar', 'Hall', 7, 2),
(78, 1, 'paul.allen@example.com', 'Paul', 'Allen', 8, 3),
(79, 1, 'quincy.young@example.com', 'Quincy', 'Young', 9, 4),
(80, 1, 'rachel.king@example.com', 'Rachel', 'King', 10, 5),
(81, 1, 'steve.wright@example.com', 'Steve', 'Wright', 6, 1),
(82, 1, 'tina.scott@example.com', 'Tina', 'Scott', 7, 2),
(83, 1, 'ursula.green@example.com', 'Ursula', 'Green', 8, 3),
(84, 1, 'victor.adams@example.com', 'Victor', 'Adams', 9, 4),
(85, 1, 'wendy.baker@example.com', 'Wendy', 'Baker', 10, 5),
(86, 1, 'xander.carter@example.com', 'Xander', 'Carter', 6, 1),
(87, 1, 'yvonne.mitchell@example.com', 'Yvonne', 'Mitchell', 7, 2),
(88, 1, 'zachary.perez@example.com', 'Zachary', 'Perez', 8, 3),
(89, 1, 'amy.roberts@example.com', 'Amy', 'Roberts', 9, 4),
(90, 1, 'brian.turner@example.com', 'Brian', 'Turner', 10, 5),
(91, 1, 'carol.phillips@example.com', 'Carol', 'Phillips', 6, 1),
(92, 1, 'daniel.campbell@example.com', 'Daniel', 'Campbell', 7, 2),
(93, 1, 'elaine.parker@example.com', 'Elaine', 'Parker', 8, 3),
(94, 1, 'fred.evans@example.com', 'Fred', 'Evans', 9, 4),
(95, 1, 'gina.edwards@example.com', 'Gina', 'Edwards', 10, 5),
(96, 1, 'harry.collins@example.com', 'Harry', 'Collins', 6, 1),
(97, 1, 'isabel.stewart@example.com', 'Isabel', 'Stewart', 7, 2),
(98, 1, 'jason.sanchez@example.com', 'Jason', 'Sanchez', 8, 3),
(99, 1, 'katie.morris@example.com', 'Katie', 'Morris', 9, 4),
(100, 1, 'leo.rogers@example.com', 'Leo', 'Rogers', 10, 5),
(101, 1, 'mona.reed@example.com', 'Mona', 'Reed', 6, 1),
(102, 1, 'nick.cook@example.com', 'Nick', 'Cook', 7, 2),
(103, 1, 'olga.morgan@example.com', 'Olga', 'Morgan', 8, 3),
(104, 1, 'peter.bell@example.com', 'Peter', 'Bell', 9, 4),
(105, 1, 'quinn.murphy@example.com', 'Quinn', 'Murphy', 10, 5),
(106, 1, 'rose.bailey@example.com', 'Rose', 'Bailey', 6, 1),
(107, 1, 'samuel.rivera@example.com', 'Samuel', 'Rivera', 7, 2),
(108, 1, 'terry.cooper@example.com', 'Terry', 'Cooper', 8, 3),
(109, 1, 'ursula.richardson@example.com', 'Ursula', 'Richardson', 9, 4),
(110, 1, 'victor.cox@example.com', 'Victor', 'Cox', 10, 5),
(111, 1, 'wendy.howard@example.com', 'Wendy', 'Howard', 6, 1),
(112, 1, 'xander.ward@example.com', 'Xander', 'Ward', 7, 2),
(113, 1, 'yvonne.torres@example.com', 'Yvonne', 'Torres', 8, 3),
(114, 1, 'zachary.peterson@example.com', 'Zachary', 'Peterson', 9, 4),
(115, 1, 'amy.gray@example.com', 'Amy', 'Gray', 10, 5),
(116, 1, 'brian.ramirez@example.com', 'Brian', 'Ramirez', 6, 1),
(117, 1, 'carol.james@example.com', 'Carol', 'James', 7, 2),
(118, 1, 'daniel.watson@example.com', 'Daniel', 'Watson', 8, 3),
(119, 1, 'elaine.brooks@example.com', 'Elaine', 'Brooks', 9, 4),
(120, 1, 'fred.kelly@example.com', 'Fred', 'Kelly', 10, 5),
(121, 1, 'gina.sanders@example.com', 'Gina', 'Sanders', 6, 1),
(122, 1, 'harry.price@example.com', 'Harry', 'Price', 7, 2),
(123, 1, 'isabel.bennett@example.com', 'Isabel', 'Bennett', 8, 3),
(124, 1, 'jason.wood@example.com', 'Jason', 'Wood', 9, 4),
(125, 1, 'katie.barnes@example.com', 'Katie', 'Barnes', 10, 5),
(126, 1, 'leo.ross@example.com', 'Leo', 'Ross', 6, 1),
(127, 1, 'mona.henderson@example.com', 'Mona', 'Henderson', 7, 2),
(128, 1, 'nick.coleman@example.com', 'Nick', 'Coleman', 8, 3),
(129, 1, 'olga.jenkins@example.com', 'Olga', 'Jenkins', 9, 4),
(130, 1, 'peter.perry@example.com', 'Peter', 'Perry', 10, 5),
(131, 1, 'quinn.powell@example.com', 'Quinn', 'Powell', 6, 1),
(132, 1, 'rose.long@example.com', 'Rose', 'Long', 7, 2),
(133, 1, 'samuel.patterson@example.com', 'Samuel', 'Patterson', 8, 3),
(134, 1, 'terry.hughes@example.com', 'Terry', 'Hughes', 9, 4),
(135, 1, 'ursula.flores@example.com', 'Ursula', 'Flores', 10, 5),
(136, 1, 'victor.washington@example.com', 'Victor', 'Washington', 6, 1),
(137, 1, 'wendy.butler@example.com', 'Wendy', 'Butler', 7, 2),
(138, 1, 'xander.simmons@example.com', 'Xander', 'Simmons', 8, 3),
(139, 1, 'yvonne.foster@example.com', 'Yvonne', 'Foster', 9, 4),
(140, 1, 'zachary.gonzales@example.com', 'Zachary', 'Gonzales', 10, 5),
(141, 1, 'amy.bryant@example.com', 'Amy', 'Bryant', 6, 1),
(142, 1, 'brian.alexander@example.com', 'Brian', 'Alexander', 7, 2),
(143, 1, 'carol.russell@example.com', 'Carol', 'Russell', 8, 3),
(144, 1, 'daniel.griffin@example.com', 'Daniel', 'Griffin', 9, 4),
(145, 1, 'elaine.diaz@example.com', 'Elaine', 'Diaz', 10, 5),
(146, 1, 'fred.hayes@example.com', 'Fred', 'Hayes', 6, 1),
(147, 1, 'gina.myers@example.com', 'Gina', 'Myers', 7, 2),
(148, 1, 'harry.ford@example.com', 'Harry', 'Ford', 8, 3),
(149, 1, 'isabel.hamilton@example.com', 'Isabel', 'Hamilton', 9, 4),
(150, 1, 'jason.graham@example.com', 'Jason', 'Graham', 10, 5),
(151, 1, 'katie.sullivan@example.com', 'Katie', 'Sullivan', 6, 1),
(152, 1, 'leo.wallace@example.com', 'Leo', 'Wallace', 7, 2),
(153, 1, 'mona.west@example.com', 'Mona', 'West', 8, 3),
(154, 1, 'nick.cole@example.com', 'Nick', 'Cole', 9, 4),
(155, 1, 'olga.ellis@example.com', 'Olga', 'Ellis', 10, 5),
(156, 1, 'peter.morris@example.com', 'Peter', 'Morris', 6, 1),
(157, 1, 'quinn.rogers@example.com', 'Quinn', 'Rogers', 7, 2),
(158, 1, 'rose.reed@example.com', 'Rose', 'Reed', 8, 3),
(159, 1, 'samuel.cook@example.com', 'Samuel', 'Cook', 9, 4),
(160, 1, 'terry.morgan@example.com', 'Terry', 'Morgan', 10, 5);